谱线,θ1(第1次),θ2(第1次),θ1(第2次),θ2(第2次),θ1(第3次),θ2(第3次)
0级位置,5°10′,185°10′,5°10′,185°10′,5°10′,185°10′
绿(+1),14°36′,194°36′,14°36′,194°36′,14°36′,194°36′
绿(-1),355°44′,175°44′,355°44′,175°44′,355°43′,175°43′
蓝紫(+1),12°41′,192°41′,12°41′,192°41′,12°42′,192°42′
蓝紫(-1),357°39′,177°39′,357°39′,177°39′,357°38′,177°38′
黄内(+1),15°9′,195°9′,15°10′,195°10′,15°9′,195°9′
黄内(-1),355°12′,175°12′,355°11′,175°11′,355°12′,175°12′
黄外(+1),15°11′,195°11′,15°12′,195°12′,15°11′,195°11′
黄外(-1),355°10′,175°10′,355°9′,175°9′,355°10′,175°10′
